model,optimizer,n,bins,bin_type,reps,usable,convergence_rate,classical_conv_rate,symbolic_conv_rate,median_time_classical,median_time_symbolic,speedup,mse_class,mse_symbolic,rmse_class,rmse_symbolic,relative_rmse,rmse_mean_ratio,rmse_sd_ratio,boundary_hit_rate
logistic,CG,365,50,EW,500,500,1,1,1,0.015316666666668274,0.0012666666666670305,12.092105263155691,0.1108340929979855,0.12209491899936005,0.3329175468460404,0.34942083366530974,1.0495716941795843,1.034961554062884,1.0684472041838524,0
logistic,CG,365,50,QU,500,500,1,1,1,0.015316666666668274,0.01140000000000138,1.3435672514619668,0.1108340929979855,0.1136066962358005,0.3329175468460404,0.33705592449295485,1.0124306384151878,0.9992481602929221,1.0294790719912397,0
logistic,CG,1095,50,EW,500,500,1,1,1,0.03641666666666575,0.0012666666666670305,28.74999999999102,0.03655942202842049,0.03946116132676116,0.19120518305846337,0.19864833582681019,1.038927568015094,1.0186708634015726,1.062390094980927,0
logistic,CG,1095,50,QU,500,500,1,1,1,0.03641666666666575,0.01896666666666723,1.9200351493847807,0.03655942202842049,0.0376970517605566,0.19120518305846337,0.19415728613821476,1.0154394511306146,1.0028618046821374,1.0301189278715672,0
logistic,CG,3650,50,EW,500,500,1,1,1,0.10078333333333375,0.0019499999999993633,51.68376068377778,0.012161357753724825,0.013319847398843681,0.1102785462078859,0.11541164325510525,1.0465466513998376,1.0469429015503746,1.0460496748746366,0
logistic,CG,3650,50,QU,500,500,1,1,1,0.10078333333333375,0.015883333333336698,6.3452256033565,0.012161357753724825,0.012411782671656523,0.1102785462078859,0.11140818045213971,1.0102434633307944,1.0017522477484306,1.020788817913961,0
logistic,Nelder-Mead,365,50,EW,500,500,1,1,1,0.0012666666666670305,0.001166666666669395,1.0857142857120585,0.11082896318486209,0.11118306684619024,0.33290984242713834,0.3334412494671141,1.0015962491108747,1.0014344780776108,1.0018085807014088,0
logistic,Nelder-Mead,365,50,QU,500,500,1,1,1,0.0012666666666670305,0.0014666666666660908,0.8636363636369508,0.11082896318486209,0.11363420617570892,0.33290984242713834,0.33709673118514355,1.0125766445578175,0.9994447217091619,1.029561845080991,0
logistic,Nelder-Mead,1095,50,EW,500,500,1,1,1,0.003066666666666151,0.0011666666666656055,2.6285714285733772,0.036565542289208865,0.03687095110112216,0.19122118682094008,0.19201810097259622,1.0041674992447482,1.0048134358673715,1.0034028607697945,0
logistic,Nelder-Mead,1095,50,QU,500,500,1,1,1,0.003066666666666151,0.0014333333333335456,2.1395348837202537,0.036565542289208865,0.03769562709844536,0.19122118682094008,0.1941536172685056,1.0153352800299869,1.0028591201916797,1.0298986584468424,0
logistic,Nelder-Mead,3650,50,EW,500,500,1,1,1,0.009333333333332423,0.0011333333333330604,8.23529411764824,0.012154929987335266,0.0122310269342627,0.11024939903389618,0.11059397331800092,1.003125407368423,1.0027874204172675,1.003548947495506,0
logistic,Nelder-Mead,3650,50,QU,500,500,1,1,1,0.009333333333332423,0.001399999999997211,6.666666666679298,0.012154929987335266,0.01241367058584133,0.11024939903389618,0.11141665309028687,1.0105873960912188,1.0025595295769894,1.0205619442704403,0
normal,CG,365,50,EW,500,500,1,1,1,0.006200000000000117,0.002000000000000076,3.0999999999999406,0.10643130547392633,0.10648956944914788,0.32623811162083183,0.32632739610573286,1.0002736788919524,1.0000000000001632,1.0008028282121797,0
normal,CG,365,50,QU,500,500,1,1,1,0.006200000000000117,0.01511666666666655,0.4101433296582248,0.10643130547392633,0.11041690612264896,0.32623811162083183,0.3322903942677985,1.0185517339372074,1.001713511445064,1.050355231791451,0
normal,CG,1095,50,EW,500,500,1,1,1,0.015633333333333135,0.002000000000000076,7.81666666666627,0.032434850185050434,0.03245476566599252,0.18009678005186666,0.18015206261931202,1.0003069603322694,1.0000000000002027,1.000923198709843,0
normal,CG,1095,50,QU,500,500,1,1,1,0.015633333333333135,0.02221666666666664,0.7036759189797368,0.032434850185050434,0.03335709235551118,0.18009678005186666,0.1826392410067212,1.014117192734497,1.0011420460839566,1.0396883714981353,0
normal,CG,3650,50,EW,500,500,1,1,1,0.05136666666666562,0.002433333333333583,21.10958904109329,0.010387584410775195,0.01039202360428535,0.10191949965916824,0.10194127527299895,1.0002136550307208,0.9999999999993957,1.0005943754304225,0
normal,CG,3650,50,QU,500,500,1,1,1,0.05136666666666562,0.02044999999999959,2.5118174409127945,0.010387584410775195,0.010655168383332343,0.10191949965916824,0.10322387506450406,1.0127980946697914,1.004171964574407,1.0279944226822506,0
normal,Nelder-Mead,365,50,EW,500,500,1,1,1,0.0010333333333332935,0.0013333333333333049,0.7749999999999866,0.10650270135585935,0.10669637604893846,0.3263475162397584,0.32664411222144885,1.0009088348062456,1.0013690378189057,1.0000165460316077,0
normal,Nelder-Mead,365,50,QU,500,500,1,1,1,0.0010333333333332935,0.0015333333333333126,0.673913043478244,0.10650270135585935,0.11041146511292388,0.3263475162397584,0.33228220703631406,1.0181851875722432,1.001111313947301,1.0504779279919685,0
normal,Nelder-Mead,1095,50,EW,500,500,1,1,1,0.002499999999999621,0.001333333333333068,1.8750000000000888,0.03241906382670829,0.03253843182589743,0.18005294728692528,0.18038412298730017,1.0018393239620074,1.0022258120567866,1.0010626264971116,0
normal,Nelder-Mead,1095,50,QU,500,500,1,1,1,0.002499999999999621,0.0015000000000005306,1.6666666666658243,0.03241906382670829,0.033358028425026325,0.18005294728692528,0.18264180360757043,1.0143783057131504,1.0015306560582744,1.0397027916515618,0
normal,Nelder-Mead,3650,50,EW,500,500,1,1,1,0.0074999999999988635,0.0012999999999995756,5.769230769231778,0.010385006344621224,0.010413595416906505,0.10190685131344812,0.10204702551719234,1.0013755130488045,1.0009560927293004,1.0021237091683637,0
normal,Nelder-Mead,3650,50,QU,500,500,1,1,1,0.0074999999999988635,0.0014999999999986357,5.00000000000379,0.010385006344621224,0.010657934152098422,0.10190685131344812,0.10323727113837532,1.0130552539675182,1.0040998618703123,1.0288462048406037,0
shifted_gamma,CG,365,50,EW,500,497,0.994,1,0.994,0.1871666666666594,0.17353333333332255,1.0785631963119728,0.12582845329293138,0.12519383617848662,0.354723065634209,0.3538274101571084,0.997475057125199,0.9984364106276854,0.9962962371741585,0
shifted_gamma,CG,365,50,QU,500,500,1,1,1,0.18748333333332995,0.15583333333333937,1.2031016042780065,0.1255697338552389,0.13197138282006957,0.35435819992662637,0.36327865725923064,1.0251735597890816,1.012135282655213,1.0408428604768363,0
shifted_gamma,CG,1095,50,EW,500,485,0.97,1,0.97,0.6871333333333496,0.2464000000000245,2.788690476190265,0.040543360121642044,0.04046310186937872,0.2013538182445072,0.20115442294262068,0.9990097267405955,1.0007978766607666,0.9969209663939826,0
shifted_gamma,CG,1095,50,QU,500,500,1,1,1,0.6888666666666723,0.1908499999999852,3.6094664221468467,0.04000270520150681,0.0424930989450344,0.20000676288942534,0.2061385430845828,1.030657864297056,1.0103241226288626,1.053962599085341,0
shifted_gamma,CG,3650,50,EW,500,433,0.866,1,0.866,2.8926333333333485,0.5120000000000194,5.649674479166482,0.011780653609769993,0.011718838226794122,0.10853871940358424,0.10825358297439454,0.9973729519681408,0.9990650707341114,0.9955147469308786,0
shifted_gamma,CG,3650,50,QU,500,500,1,1,1,2.9603166666666465,0.1757166666666914,16.847102342784197,0.011976377458333411,0.012487778687284125,0.10943663672798708,0.111748730137233,1.0211272337891084,1.0040798283548809,1.0392904810001897,0
shifted_gamma,Nelder-Mead,365,50,EW,500,500,1,1,1,0.006999999999993634,0.005233333333338427,1.3375796178318766,0.1256073528285223,0.1249622702748598,0.35441127638454495,0.3535000286773111,0.9974288411008541,0.9985070926662002,0.9961136562176699,0
shifted_gamma,Nelder-Mead,365,50,QU,500,500,1,1,1,0.006999999999993634,0.007733333333336152,0.9051724137919502,0.1256073528285223,0.1320596011476792,0.35441127638454495,0.36340005661485414,1.0253625683753813,1.0117463808158018,1.0417103787243935,0
shifted_gamma,Nelder-Mead,1095,50,EW,500,500,1,1,1,0.01723333333332751,0.0049999999999878735,3.4466666666738615,0.040017130110337036,0.03991873275742027,0.20004282069181348,0.19979672859539085,0.9987698029073397,1.0005928536599589,0.9966341220927284,0
shifted_gamma,Nelder-Mead,1095,50,QU,500,500,1,1,1,0.01723333333332751,0.006700000000000728,2.5721393034814386,0.040017130110337036,0.042481134122229605,0.20004282069181348,0.2061095197273275,1.0303270020615256,1.0104294105379208,1.0531140100631127,0
shifted_gamma,Nelder-Mead,3650,50,EW,500,500,1,1,1,0.0517166666666526,0.005066666666668122,10.207236842099556,0.011981762169244601,0.011937291132053026,0.10946123592050568,0.10925791107307986,0.9981424945030452,1.000507344531479,0.9955675695982648,0
shifted_gamma,Nelder-Mead,3650,50,QU,500,500,1,1,1,0.0517166666666526,0.006250000000030316,8.27466666662428,0.011981762169244601,0.012502121637607251,0.10946123592050568,0.11181288672423788,1.0214838685490455,1.0033020160396375,1.0408721735616344,0
